project_id,project_type,title,description,start_date,end_date,synopsis,plagiarism_similarity,production_dates,production_locations,crew_roles,casting_roles,review_status
1,Theater,Sharable bifurcated algorithm,Development say quality throughout beautiful. All behavior discussion own night respond.,2024-06-23,2024-10-06,Stop peace technology officer relate animal direction eye bag do big everyone player half have decide environment view possible.,2.3827106885194027,"[{'dateType': 'Rehearsal Dates', 'dateRange': ['2024-07-26', '2024-08-05']}]","[{'locationType': 'Shooting Location', 'location': 'East Steven'}, {'locationType': 'Rehearsal Location', 'location': 'Veronicaside'}]","['Hair Stylist', 'Casting Director', 'Assistant Camera']","['Puppeteer', 'Stand-in', 'Commercial Model', 'Celebrity Guest', 'Supporting Actress']",Approved
2,Theater,Face-to-face systemic Graphic Interface,"Start source husband at tree. Then fire pretty how trip learn enter.
Much section investment on gun young catch. Before another body physical society instead as.",2025-02-03,2025-05-31,Participant check several much single morning a food affect upon these story film around there water beat magazine attorney set she campaign little near.,57.37029976535456,"[{'dateType': 'Shooting Dates', 'dateRange': ['2025-03-26', '2025-04-04']}]","[{'locationType': 'Shooting Location', 'location': 'Brandtside'}, {'locationType': 'Rehearsal Location', 'location': 'Lake Larry'}, {'locationType': 'Shooting Location', 'location': 'Samuelhaven'}]","['Script Reader', 'Art Department Assistant', 'Sound Mixer', 'Hair Stylist', 'Casting Director', 'Script Supervisor', 'Sound Editor']","['Dancer', 'Stand-in', 'Special Skills Performer', 'Lead Actor']",Needs Review
3,TV,Organized bottom-line encryption,"Full open discover detail. Remain arrive attack all.
Method everything magazine much. Office drug list imagine behind probably great. Level rock pull worker better I.",2025-04-10,2025-08-27,Coach magazine degree husband around her world enter six lawyer institution whatever yet new responsibility choice father why.,22.034150547049602,"[{'dateType': 'Shooting Dates', 'dateRange': ['2025-07-31', '2025-08-03']}, {'dateType': 'Rehearsal Dates', 'dateRange': ['2025-07-24', '2025-07-29']}, {'dateType': 'Shooting Dates', 'dateRange': ['2025-04-21', '2025-04-25']}]","[{'locationType': 'Shooting Location', 'location': 'Brianshire'}, {'locationType': 'Rehearsal Location', 'location': 'Shawhaven'}]","['Sound Designer', 'Production Accountant', 'Driver']","['Guest Star', 'Host/Presenter']",Approved
4,Theater,Diverse analyzing migration,"Attention attack technology identify. East organization people information on mission various.
Draw how public feel first sell. Act perform none beyond.",2023-07-14,2023-12-07,Choice example decision garden reach table measure economy traditional anything plant stop analysis four capital woman claim kind relationship night born war real chance along hard.,59.28671889819728,"[{'dateType': 'Rehearsal Dates', 'dateRange': ['2023-10-29', '2023-11-04']}, {'dateType': 'Rehearsal Dates', 'dateRange': ['2023-08-11', '2023-08-12']}]","[{'locationType': 'Shooting Location', 'location': 'Andersonport'}, {'locationType': 'Shooting Location', 'location': 'Rachelton'}]","['Production Coordinator', 'Hair Assistant', 'Transportation Coordinator', 'Special Effects Supervisor', 'Director of Photography', 'Assistant Director', 'Visual Effects Assistant']","['Cameo Appearance', 'Mime Artist']",Approved
5,Film,Multi-channeled demand-driven software,"Government nice themselves wind. Understand door class son.
Agent say forward us soon ten. Environment skin blue the teach.
Staff least figure somebody dinner. Process huge everything.",2023-11-14,2024-04-01,Board its rock finish paper memory history office effort remember ability understand.,25.315278636723562,"[{'dateType': 'Shooting Dates', 'dateRange': ['2024-02-26', '2024-03-06']}, {'dateType': 'Shooting Dates', 'dateRange': ['2024-03-26', '2024-04-02']}, {'dateType': 'Audition Dates', 'dateRange': ['2024-03-23', '2024-04-02']}]","[{'locationType': 'Rehearsal Location', 'location': 'West Ryan'}, {'locationType': 'Shooting Location', 'location': 'Cindyville'}]","['Script Supervisor', 'Craft Services', 'Publicist', 'Transportation Coordinator', 'Hair Assistant']","['Narrator', 'Host/Presenter']",Approved
6,Film,Up-sized exuding middleware,"For recent never court professor here. Past feeling nature a.
Involve oil pressure let kind. Memory soldier where save probably.",2023-06-17,2023-08-16,Increase picture create recent manager during prevent accept seem show blood interesting compare when military anyone eat summer lead soon property write other.,18.697008797128333,"[{'dateType': 'Audition Dates', 'dateRange': ['2023-07-29', '2023-08-07']}, {'dateType': 'Audition Dates', 'dateRange': ['2023-08-15', '2023-08-17']}]","[{'locationType': 'Shooting Location', 'location': 'Rivasside'}]","['Assistant Camera', 'Producer', 'Unit Still Photographer', 'Stunt Coordinator', 'Set Dresser']","['Guest Star', 'Lead Actor', 'Antagonist', 'Cameo Appearance']",Approved
7,TV,Organized cohesive synergy,"Else easy point she miss phone ever. Require doctor from throw. Catch discuss really relationship.
Imagine my indeed deal information toward. Watch affect thing offer local wall fear hope.",2023-05-31,2023-08-16,Here deep force seven here sell story edge bank affect much yourself glass practice sit prepare senior wear.,69.69140551039197,"[{'dateType': 'Shooting Dates', 'dateRange': ['2023-06-19', '2023-06-28']}, {'dateType': 'Audition Dates', 'dateRange': ['2023-06-01', '2023-06-04']}]","[{'locationType': 'Rehearsal Location', 'location': 'East David'}]","['Director', 'Assistant Director', 'Storyboard Artist', 'Costume Designer', 'Composer']","['Celebrity Guest', 'Radio Actor', 'Elderly Actor', 'Protagonist']",Rejected
8,Film,Synchronized bifurcated open system,"Record short cold parent security boy standard. Blue agent find quality when.
Away real physical big significant. South someone not American mouth product attention positive. Support state black.",2023-10-03,2024-03-26,Something future they red everybody act way beat result major serve real position make society behavior develop reality fill ok list.,30.349543931678802,"[{'dateType': 'Shooting Dates', 'dateRange': ['2024-01-14', '2024-01-15']}]","[{'locationType': 'Rehearsal Location', 'location': 'Ronaldside'}]","['Music Editor', 'Production Designer Assistant', 'Set Dresser', 'Publicist', 'Costume Assistant', 'Art Director', 'Key Grip']","['Voiceover Artist', 'Precision Driver', 'Radio Actor']",Approved
9,TV,Managed heuristic standardization,"Fill discover return firm sea. Course school everybody operation. Others wonder strategy fast guess few remain.
Animal approach factor want point. Bill activity expect long future whole education.",2024-12-26,2025-03-27,Difficult mission late kind team wrong figure perform participant science way debate decision produce church community avoid able late order fact discuss religious reflect law reach under.,70.33709700185423,"[{'dateType': 'Rehearsal Dates', 'dateRange': ['2025-03-12', '2025-03-18']}, {'dateType': 'Shooting Dates', 'dateRange': ['2025-03-12', '2025-03-18']}, {'dateType': 'Shooting Dates', 'dateRange': ['2025-02-24', '2025-03-04']}]","[{'locationType': 'Rehearsal Location', 'location': 'South Danny'}, {'locationType': 'Rehearsal Location', 'location': 'Lake Edward'}]","['Second Assistant Director', 'Music Supervisor', 'Transportation Coordinator', 'Hair Assistant', 'Script Supervisor', 'Screenwriter', 'Assistant Camera', 'Production Designer']","['Musical Performer', 'Child Actor']",Rejected
10,Film,Future-proofed client-server archive,"Society organization station TV. Buy read record wall matter management.
Always it focus economy before while structure offer. Yourself public especially.
Like prepare trouble consider.",2023-09-14,2023-11-14,Gun series personal service data near until just recognize building win participant dream citizen nearly need behavior yeah tree left brother strategy marriage respond meeting.,43.744412594301174,"[{'dateType': 'Shooting Dates', 'dateRange': ['2023-10-10', '2023-10-12']}]","[{'locationType': 'Shooting Location', 'location': 'Davenportfort'}, {'locationType': 'Rehearsal Location', 'location': 'South Andrea'}, {'locationType': 'Rehearsal Location', 'location': 'Leehaven'}]","['Production Assistant', 'Production Sound Mixer', 'Property Master', 'Music Editor', 'Boom Operator', 'Special Effects Assistant']","['Magician', 'Supporting Actress', 'Circus Performer']",Needs Review
11,Theater,User-friendly client-driven architecture,Future skin environment able rise study. Your majority chance Mrs generation necessary myself lay.,2025-02-25,2025-08-10,Them key moment lead reveal improve pressure child light wide full realize power system.,59.68692663242599,"[{'dateType': 'Rehearsal Dates', 'dateRange': ['2025-08-09', '2025-08-16']}, {'dateType': 'Audition Dates', 'dateRange': ['2025-07-05', '2025-07-09']}]","[{'locationType': 'Rehearsal Location', 'location': 'Finleyfort'}]","['Second Assistant Director', 'Camera Assistant', 'Producer', 'Script Reader']","['Teen Actor', 'Lead Actor', 'Host/Presenter', 'Circus Performer']",Needs Review
12,Film,Quality-focused 5thgeneration process improvement,"Piece TV young section its. Set region beyond coach.
Animal someone fall. Issue each include radio conference company.",2024-02-12,2024-03-17,Grow fast recognize against stop how account ten sing wind treat seat strategy total simply discover soon despite couple economy sense should race carry best physical.,40.112299323375524,"[{'dateType': 'Rehearsal Dates', 'dateRange': ['2024-02-13', '2024-02-19']}, {'dateType': 'Shooting Dates', 'dateRange': ['2024-02-26', '2024-03-03']}]","[{'locationType': 'Rehearsal Location', 'location': 'Johnsonstad'}, {'locationType': 'Rehearsal Location', 'location': 'North Renee'}, {'locationType': 'Shooting Location', 'location': 'Julieburgh'}]","['Legal Advisor', 'Unit Still Photographer', 'Makeup Artist', 'Boom Operator', 'Foley Artist', 'Set Decoration Assistant', 'Property Master', 'Transportation Coordinator']","['Featured Extra', 'Protagonist']",Needs Review
13,TV,Exclusive clear-thinking toolset,"Most tree store either station loss. Second full boy while cell. Team right woman whose source.
So add Mr lawyer. Once state wait board doctor. People wall foreign.",2023-11-25,2024-01-09,Real describe know door guy wonder happen top population art every why.,33.6581145878118,"[{'dateType': 'Shooting Dates', 'dateRange': ['2024-01-05', '2024-01-08']}]","[{'locationType': 'Shooting Location', 'location': 'Davisborough'}, {'locationType': 'Rehearsal Location', 'location': 'North Kristinbury'}, {'locationType': 'Shooting Location', 'location': 'Port Anne'}]","['Composer', 'Legal Advisor', 'Visual Effects Supervisor']","['Musical Performer', 'Stand-up Comedian', 'Supporting Actor', 'Voiceover Artist']",Needs Review
14,Film,Cloned well-modulated neural-net,"Democratic thank forget challenge too able teach certain. Music sometimes body term.
Group small open. Company appear score.",2024-10-26,2025-01-15,Available ball part assume every plan nature foot yes most law painting between reduce table prepare shoulder result Democrat later direction fund law.,15.763430754908683,"[{'dateType': 'Shooting Dates', 'dateRange': ['2024-12-05', '2024-12-14']}]","[{'locationType': 'Rehearsal Location', 'location': 'West Ronaldview'}]","['Publicist', 'Production Designer Assistant', 'Production Coordinator', 'Assistant Director', 'Director of Photography']","['Theater Actor', 'Celebrity Guest']",Approved
15,TV,Multi-layered coherent software,"Before be it season. Speech news only no form business. Them wait institution trouble anything explain.
Billion medical choice lot suggest glass. Happen several off southern suddenly window stand.",2023-08-22,2023-10-04,Anyone bank kitchen interest parent increase democratic mention generation book question or money final determine worker area daughter war should share face build market issue can mouth.,49.55046069586163,"[{'dateType': 'Shooting Dates', 'dateRange': ['2023-09-02', '2023-09-03']}]","[{'locationType': 'Shooting Location', 'location': 'Charleston'}, {'locationType': 'Shooting Location', 'location': 'Smithland'}]","['Social Media Manager', 'Production Assistant', 'Sound Editor', 'Foley Artist', 'Hair Assistant']","['Background Actor', 'Antagonist', 'Magician', 'Lead Actor', 'Commercial Model']",Approved
16,Theater,Intuitive object-oriented interface,Remember individual boy again foot soon. Least ready gun join black job hundred bad. Second develop single baby plan.,2025-02-21,2025-05-22,Firm key light place someone option goal avoid left also hard expert popular within bed order his oil west school American training occur could painting may whatever late.,32.59593529455471,"[{'dateType': 'Audition Dates', 'dateRange': ['2025-05-10', '2025-05-13']}, {'dateType': 'Audition Dates', 'dateRange': ['2025-05-19', '2025-05-22']}, {'dateType': 'Audition Dates', 'dateRange': ['2025-05-13', '2025-05-18']}]","[{'locationType': 'Rehearsal Location', 'location': 'Toniland'}]","['Script Reader', 'Camera Assistant', 'Costume Assistant', 'Sound Re-recording Mixer', 'Dialogue Editor', 'Composer', 'Music Supervisor', 'Colorist']","['Silent Bit Actor', 'Child Actor']",Approved
17,Theater,Profit-focused secondary conglomeration,"Remain yard model particular hair.
Impact full our smile positive at. Newspaper hit edge surface.",2024-12-07,2025-02-18,Court yourself choice fast small medical music school money product then peace others child Congress realize person total return analysis hair rest wide particular.,51.41743290241911,"[{'dateType': 'Rehearsal Dates', 'dateRange': ['2025-02-17', '2025-02-27']}]","[{'locationType': 'Shooting Location', 'location': 'Youngbury'}, {'locationType': 'Rehearsal Location', 'location': 'Tammyfort'}, {'locationType': 'Shooting Location', 'location': 'West Erika'}]","['Script Supervisor', 'Visual Effects Supervisor', 'Driver', 'Production Sound Mixer', 'Art Department Assistant', 'Set Dresser', 'Second Assistant Director']","['Lead Actor', 'Musical Performer']",Needs Review
18,Theater,Re-engineered leadingedge Local Area Network,"Me industry class current painting their. Political them never.
Surface expect several evening town challenge join. Stage this us increase how.",2024-06-04,2024-08-29,Book explain feeling answer information soldier lead book toward others administration middle drop century investment pass drive indicate professor beat window attack.,29.66069911038293,"[{'dateType': 'Rehearsal Dates', 'dateRange': ['2024-07-25', '2024-07-31']}, {'dateType': 'Shooting Dates', 'dateRange': ['2024-07-26', '2024-07-27']}]","[{'locationType': 'Rehearsal Location', 'location': 'South Morganton'}, {'locationType': 'Rehearsal Location', 'location': 'Zavalaview'}]","['Hair Assistant', 'Visual Effects Assistant', 'Music Supervisor']","['Child Actor', 'Stand-in']",Needs Review
19,Theater,User-friendly 3rdgeneration help-desk,Drop price billion old series card. National spend compare single let receive.,2024-02-01,2024-06-16,Threat sea thus hit wind many marriage under mind song risk bad own state nation fly bag produce fill owner international ready goal.,8.251509526358491,"[{'dateType': 'Audition Dates', 'dateRange': ['2024-02-09', '2024-02-18']}, {'dateType': 'Rehearsal Dates', 'dateRange': ['2024-04-09', '2024-04-18']}, {'dateType': 'Shooting Dates', 'dateRange': ['2024-05-30', '2024-06-04']}]","[{'locationType': 'Shooting Location', 'location': 'Hillton'}, {'locationType': 'Shooting Location', 'location': 'Lake Danastad'}, {'locationType': 'Shooting Location', 'location': 'North Douglas'}]","['Foley Artist', 'Music Supervisor', 'Second Assistant Director', 'Driver', 'Casting Director', 'Grip', 'Stunt Coordinator', 'Editor']","['Teen Actor', 'Dubbing Artist']",Approved
20,TV,Robust systematic toolset,"Call door population. Him note painting quickly we head. Off morning huge power.
Ago control military trial. Energy employee land you.",2024-10-24,2025-02-12,Soldier meeting building cut catch so ago network hard sound necessary partner beat finally yourself rest.,49.19391246108852,"[{'dateType': 'Rehearsal Dates', 'dateRange': ['2025-02-03', '2025-02-12']}, {'dateType': 'Rehearsal Dates', 'dateRange': ['2025-01-11', '2025-01-21']}, {'dateType': 'Rehearsal Dates', 'dateRange': ['2025-01-11', '2025-01-20']}]","[{'locationType': 'Rehearsal Location', 'location': 'East Teresaland'}, {'locationType': 'Rehearsal Location', 'location': 'Owenshaven'}]","['Script Supervisor', 'Production Coordinator', 'Assistant Camera', 'Director', 'Colorist', 'Makeup Artist']","['Musician', 'Radio Actor', 'Teen Actor', 'Puppeteer', 'Stand-up Comedian']",Approved
21,Film,Monitored clear-thinking time-frame,Consider whom item treat area buy check clearly. Various different way million exist bad. Play nearly by field move.,2023-12-02,2024-02-21,Lot source rate father authority art keep machine daughter parent fine responsibility safe team wish candidate have no five.,35.55628566032601,"[{'dateType': 'Audition Dates', 'dateRange': ['2024-01-16', '2024-01-20']}, {'dateType': 'Shooting Dates', 'dateRange': ['2023-12-13', '2023-12-17']}, {'dateType': 'Audition Dates', 'dateRange': ['2023-12-27', '2023-12-30']}]","[{'locationType': 'Rehearsal Location', 'location': 'Wrightville'}]","['Unit Still Photographer', 'Costume Designer', 'Sound Mixer', 'Storyboard Artist', 'Set Dresser']","['Stunt Performer', 'Dubbing Artist', 'Lead Actress']",Approved
22,Film,Business-focused explicit info-mediaries,Eat tend civil force officer fine. Marriage method material final. Bed hotel lead. Democrat good anything manager think.,2024-02-05,2024-04-11,Newspaper hand certain own husband American although require sound mind chance throw cause use five hotel pattern successful order medical.,5.5177259726749295,"[{'dateType': 'Shooting Dates', 'dateRange': ['2024-03-25', '2024-03-30']}, {'dateType': 'Audition Dates', 'dateRange': ['2024-03-27', '2024-04-05']}]","[{'locationType': 'Shooting Location', 'location': 'Ericksonport'}]","['Production Accountant', 'Sound Designer', 'Dolly Grip']","['Radio Actor', 'Lead Actor', 'Protagonist', 'Teen Actor']",Needs Review
23,TV,Phased 3rdgeneration hub,"Woman on someone rise. Ago listen whose situation simply officer return on. Modern return simple herself.
Occur red course. Finish charge real improve simple turn.",2024-11-01,2025-03-13,Particular court east newspaper different win father eye debate relate first give value somebody event business quality here.,13.296771482173337,"[{'dateType': 'Rehearsal Dates', 'dateRange': ['2025-01-16', '2025-01-18']}, {'dateType': 'Audition Dates', 'dateRange': ['2025-01-07', '2025-01-11']}, {'dateType': 'Rehearsal Dates', 'dateRange': ['2024-11-29', '2024-12-01']}]","[{'locationType': 'Shooting Location', 'location': 'Bobbyland'}, {'locationType': 'Rehearsal Location', 'location': 'Sandraview'}, {'locationType': 'Rehearsal Location', 'location': 'Lewisside'}]","['Production Assistant', 'Transportation Coordinator', 'Publicist', 'Gaffer Assistant', 'Production Designer']","['Voiceover Artist', 'Teen Actor', 'Stand-in', 'Background Actor', 'Musician']",Needs Review
24,Film,Future-proofed next generation standardization,"Body scientist dream anything. Difficult do beyond form line race case.
Imagine various there local. Sense expert experience arrive shoulder. Discussion school sure also TV individual study.",2023-12-09,2024-01-11,Owner up friend lawyer political modern threat care mean evening speak former room possible responsibility add front far purpose cover particularly police if into foreign husband.,51.67394747285048,"[{'dateType': 'Shooting Dates', 'dateRange': ['2023-12-13', '2023-12-17']}, {'dateType': 'Shooting Dates', 'dateRange': ['2023-12-17', '2023-12-19']}]","[{'locationType': 'Shooting Location', 'location': 'South Marcus'}, {'locationType': 'Shooting Location', 'location': 'North Jose'}, {'locationType': 'Shooting Location', 'location': 'South Karen'}]","['Production Assistant', 'Production Designer', 'Special Effects Supervisor', 'Hair Assistant', 'Director of Photography']","['Silent Bit Actor', 'Voice Actor', 'Puppeteer', 'Celebrity Guest', 'Musician']",Approved
25,TV,Managed exuding paradigm,"End growth door. Let civil rather type. Real police wait happen determine.
Check security paper indeed near likely Mr. Seven quite other skin moment.",2024-09-25,2025-03-09,Rich how staff second official and general as yes various attorney value all important shoulder she within position inside.,13.490929694664109,"[{'dateType': 'Rehearsal Dates', 'dateRange': ['2024-12-08', '2024-12-09']}, {'dateType': 'Audition Dates', 'dateRange': ['2024-12-21', '2024-12-23']}]","[{'locationType': 'Rehearsal Location', 'location': 'Bennettside'}, {'locationType': 'Shooting Location', 'location': 'Lake Michelle'}, {'locationType': 'Rehearsal Location', 'location': 'East Victoriafurt'}]","['Dolly Grip', 'Sound Re-recording Mixer', 'Assistant Director', 'Production Accountant']","['Stand-up Comedian', 'Teen Actor']",Approved
26,Film,Progressive clear-thinking superstructure,"Series without leg. Interest here discover leave choice country themselves.
Special information she. Drive attack order.",2024-05-30,2024-07-11,Including every news option same compare quickly new another general poor high modern recent impact feel contain.,65.22825851872608,"[{'dateType': 'Rehearsal Dates', 'dateRange': ['2024-06-25', '2024-07-02']}, {'dateType': 'Shooting Dates', 'dateRange': ['2024-06-21', '2024-06-23']}]","[{'locationType': 'Rehearsal Location', 'location': 'Port Jeremiah'}, {'locationType': 'Shooting Location', 'location': 'Port Steven'}, {'locationType': 'Rehearsal Location', 'location': 'New Robertchester'}]","['Second Assistant Director', 'Costume Designer', 'Runner', 'Costume Assistant', 'Colorist', 'Craft Services', 'Assistant Director']","['Voiceover Artist', 'Supporting Actress', 'Radio Actor', 'Host/Presenter', 'Cameo Appearance']",Rejected
27,Film,Realigned multi-tasking challenge,Effort form bad last he. Right couple environmental purpose owner them could. Right next look thank four whatever address view.,2024-04-20,2024-09-13,Trial have including none determine certainly end various often individual charge form here street material pressure range either start whom.,14.471760379057654,"[{'dateType': 'Audition Dates', 'dateRange': ['2024-08-22', '2024-08-26']}, {'dateType': 'Audition Dates', 'dateRange': ['2024-09-10', '2024-09-12']}]","[{'locationType': 'Shooting Location', 'location': 'Murraystad'}]","['Costume Designer', 'Script Supervisor', 'Legal Advisor', 'Grip Assistant', 'Publicist', 'Sound Designer', 'Location Manager', 'Hair Assistant']","['Child Actor', 'Stand-in', 'Radio Actor']",Approved
28,Film,Down-sized client-driven success,Contain threat wrong whatever model stuff avoid. Share include successful. Attack character despite lay art.,2024-07-03,2024-12-04,Wrong difficult range summer president teach service behavior here need argue act commercial matter its six not teach.,30.388306509657177,"[{'dateType': 'Rehearsal Dates', 'dateRange': ['2024-07-21', '2024-07-25']}, {'dateType': 'Shooting Dates', 'dateRange': ['2024-10-13', '2024-10-20']}, {'dateType': 'Rehearsal Dates', 'dateRange': ['2024-07-11', '2024-07-19']}]","[{'locationType': 'Shooting Location', 'location': 'East Rachel'}, {'locationType': 'Rehearsal Location', 'location': 'Nelsonland'}, {'locationType': 'Rehearsal Location', 'location': 'Rachelshire'}]","['Casting Director', 'Visual Effects Assistant', 'Transportation Coordinator', 'Special Effects Assistant', 'Property Master', 'Boom Operator', 'Grip Assistant', 'Director']","['Circus Performer', 'Voiceover Artist', 'Precision Driver', 'Mime Artist', 'Musician']",Needs Review
29,Film,Switchable 5thgeneration conglomeration,"Which onto sell. Up federal nor note support quality. Forward sense cause write right may window.
Join stuff future shoulder.",2023-08-02,2023-11-22,Cost large never impact ago government behavior our foot history factor hold be top.,52.88929420999311,"[{'dateType': 'Shooting Dates', 'dateRange': ['2023-09-18', '2023-09-20']}]","[{'locationType': 'Shooting Location', 'location': 'Lake Oscar'}, {'locationType': 'Shooting Location', 'location': 'West Kevin'}]","['Catering Coordinator', 'Sound Re-recording Mixer', 'Hair Assistant', 'Grip', 'Driver']","['Commercial Model', 'Musical Performer', 'Theater Actor', 'Child Actor']",Approved
30,Film,Proactive client-server architecture,"Every feel site guess want result. Order crime blood fight we forward per.
Friend spring teacher wind carry fly. Look concern huge five same. Whose site for exactly skill half usually.",2024-08-25,2024-10-24,Drug probably resource smile available wrong look husband media turn reality myself so growth time Mr point be shoulder.,49.358797779742034,"[{'dateType': 'Shooting Dates', 'dateRange': ['2024-09-28', '2024-09-29']}, {'dateType': 'Rehearsal Dates', 'dateRange': ['2024-09-10', '2024-09-20']}]","[{'locationType': 'Rehearsal Location', 'location': 'New Tonyafurt'}, {'locationType': 'Rehearsal Location', 'location': 'Tammychester'}]","['Script Reader', 'Script Supervisor', 'Special Effects Assistant']","['Dancer', 'Voice Actor', 'Precision Driver', 'Protagonist', 'Radio Actor']",Approved
31,Theater,Customer-focused 24/7 attitude,"Member million oil offer knowledge. Leg quickly real character young lot.
Turn beat story role give gas. Miss give best reveal laugh.
And represent against gas body. Upon scientist might necessary.",2024-06-04,2024-10-13,Others particularly only girl suddenly pay sport relationship father pass be care brother figure consumer really memory industry case himself.,5.091475482887695,"[{'dateType': 'Audition Dates', 'dateRange': ['2024-07-10', '2024-07-13']}, {'dateType': 'Audition Dates', 'dateRange': ['2024-09-06', '2024-09-15']}, {'dateType': 'Audition Dates', 'dateRange': ['2024-10-05', '2024-10-12']}]","[{'locationType': 'Shooting Location', 'location': 'New Garrett'}, {'locationType': 'Rehearsal Location', 'location': 'Donaldmouth'}, {'locationType': 'Rehearsal Location', 'location': 'Harveystad'}]","['Stunt Coordinator', 'Camera Operator', 'Special Effects Supervisor', 'Craft Services', 'Composer', 'Music Supervisor', 'Gaffer Assistant', 'Director of Photography']","['Antagonist', 'Guest Star', 'Supporting Actor', 'Silent Bit Actor', 'Supporting Actress']",Needs Review
32,Theater,Advanced mobile challenge,White measure manager range indeed style. Cold not somebody determine allow different eye.,2024-03-28,2024-06-01,Simply down specific onto go represent plan coach cause deal deal arrive go exactly much.,19.873037770998863,"[{'dateType': 'Audition Dates', 'dateRange': ['2024-04-28', '2024-04-30']}, {'dateType': 'Rehearsal Dates', 'dateRange': ['2024-04-25', '2024-04-29']}, {'dateType': 'Rehearsal Dates', 'dateRange': ['2024-04-25', '2024-05-02']}]","[{'locationType': 'Shooting Location', 'location': 'Stephaniehaven'}, {'locationType': 'Rehearsal Location', 'location': 'East Sydneychester'}, {'locationType': 'Rehearsal Location', 'location': 'West Michelleberg'}]","['Production Accountant', 'Choreographer', 'Craft Services', 'Location Manager', 'Set Dresser', 'Director of Photography', 'Production Assistant']","['Featured Extra', 'Special Skills Performer', 'Silent Bit Actor', 'Stand-up Comedian']",Approved
33,Theater,Total clear-thinking encryption,Stock seven put majority officer environmental. Heart away some shoulder idea seek.,2024-10-03,2025-03-10,Animal phone student administration upon citizen lead yeah into yet travel think few.,77.80351220495132,"[{'dateType': 'Shooting Dates', 'dateRange': ['2024-11-25', '2024-12-04']}, {'dateType': 'Rehearsal Dates', 'dateRange': ['2024-10-21', '2024-10-31']}]","[{'locationType': 'Shooting Location', 'location': 'Johnstad'}]","['Legal Advisor', 'Visual Effects Assistant', 'Composer', 'Sound Designer', 'Social Media Manager', 'Hair Stylist']","['Celebrity Guest', 'Theater Actor', 'Lead Actor', 'Background Actor']",Rejected
34,Film,Synchronized solution-oriented concept,"Personal rise sense investment before believe.
Back order mind knowledge account gas building. Really local director become south billion.",2023-06-28,2023-10-26,Cause but role goal investment social easy popular easy over return expect wait agree.,64.26660463543222,"[{'dateType': 'Audition Dates', 'dateRange': ['2023-08-25', '2023-08-27']}, {'dateType': 'Audition Dates', 'dateRange': ['2023-08-06', '2023-08-10']}]","[{'locationType': 'Rehearsal Location', 'location': 'Lake Peter'}, {'locationType': 'Rehearsal Location', 'location': 'Port Rachaelbury'}]","['Production Coordinator', 'Hair Assistant', 'Editor', 'Composer', 'Second Assistant Director', 'Runner', 'Sound Mixer']","['Radio Actor', 'Cameo Appearance']",Rejected
35,Film,Proactive human-resource budgetary management,"Point audience thousand activity guess first hit. Inside national common likely would authority onto.
Democratic two we huge expert.",2025-02-07,2025-04-14,Around beat its law participant finally score scientist budget remain reduce clearly well mission situation result cold camera.,27.291333235452228,"[{'dateType': 'Rehearsal Dates', 'dateRange': ['2025-03-05', '2025-03-11']}]","[{'locationType': 'Shooting Location', 'location': 'Port Rachelmouth'}, {'locationType': 'Shooting Location', 'location': 'Nelsonland'}, {'locationType': 'Shooting Location', 'location': 'Jennifershire'}]","['Sound Designer', 'Screenwriter', 'Driver', 'Assistant Camera', 'Colorist', 'Editor', 'Music Supervisor']","['Celebrity Guest', 'Magician']",Needs Review
36,Film,Self-enabling asynchronous methodology,"Growth matter note happy effort bill off. Direction meeting analysis television. Animal hair turn condition whether.
Sort research pretty different eat trouble floor.",2023-06-28,2023-11-09,Lead hard factor six science drug happy will young simply run national somebody character usually agency must player really act friend serve heavy scene film day.,2.4357413314401555,"[{'dateType': 'Audition Dates', 'dateRange': ['2023-08-13', '2023-08-21']}, {'dateType': 'Audition Dates', 'dateRange': ['2023-09-17', '2023-09-21']}, {'dateType': 'Shooting Dates', 'dateRange': ['2023-10-01', '2023-10-02']}]","[{'locationType': 'Shooting Location', 'location': 'East Jenniferland'}]","['Boom Operator', 'Special Effects Supervisor', 'Costume Assistant', 'Second Assistant Director', 'Dialogue Editor', 'Driver']","['Voiceover Artist', 'Theater Actor', 'Photo Double', 'Precision Driver', 'Circus Performer']",Approved
37,TV,Balanced discrete model,"Learn security oil measure PM hour. Nothing itself who door end fire song red. Fish evening avoid dark sister once.
Clearly letter image movie. Later leg system bed space.",2024-06-22,2024-11-13,Behind big soldier building article sit develop cup hundred rather visit base only true avoid young cup position.,12.156353524016268,"[{'dateType': 'Audition Dates', 'dateRange': ['2024-07-17', '2024-07-26']}]","[{'locationType': 'Rehearsal Location', 'location': 'Port Mariamouth'}, {'locationType': 'Shooting Location', 'location': 'North Sheriton'}]","['Key Grip', 'Sound Editor', 'Costume Designer']","['Narrator', 'Special Skills Performer', 'Stand-up Comedian', 'Musician', 'Teen Actor']",Needs Review
38,TV,Down-sized object-oriented Internet solution,Ahead raise common Democrat cost evidence third. Pass pay positive. Include nearly article evidence case current this.,2024-12-16,2025-04-07,Around yard morning short yourself wind beyond prevent entire staff true argue you detail suffer something great stuff suddenly.,35.168259485136204,"[{'dateType': 'Rehearsal Dates', 'dateRange': ['2025-01-19', '2025-01-20']}, {'dateType': 'Shooting Dates', 'dateRange': ['2025-01-30', '2025-02-06']}, {'dateType': 'Audition Dates', 'dateRange': ['2025-02-15', '2025-02-22']}]","[{'locationType': 'Rehearsal Location', 'location': 'Robintown'}, {'locationType': 'Shooting Location', 'location': 'Staceyshire'}]","['Art Director', 'Editor', 'Production Designer', 'Producer', 'Assistant Camera']","['Precision Driver', 'Stand-up Comedian', 'Mime Artist', 'Radio Actor']",Approved
39,TV,Digitized non-volatile core,Finally make bed discussion despite money a. Cut candidate response try such food against only. Similar suffer team whether.,2025-02-10,2025-07-08,Allow own TV whose determine not view cell seat draw word collection those become remember police though land enter economic attack either blue ability history run.,14.874077058387272,"[{'dateType': 'Rehearsal Dates', 'dateRange': ['2025-03-14', '2025-03-24']}, {'dateType': 'Shooting Dates', 'dateRange': ['2025-05-01', '2025-05-02']}]","[{'locationType': 'Rehearsal Location', 'location': 'Maciasstad'}]","['Sound Editor', 'Production Accountant', 'Transportation Coordinator']","['Stunt Double', 'Precision Driver', 'Supporting Actor']",Approved
40,TV,Quality-focused homogeneous attitude,"Prepare reach class available suffer far five. Avoid color heart rule. Walk within full world throw relate issue.
Threat church big day couple recent reveal role. Produce father benefit hotel near.",2024-02-12,2024-07-10,Cost and keep enjoy student nor character recent benefit property space including series dinner article hit mission whole reach view of.,36.08684677553714,"[{'dateType': 'Shooting Dates', 'dateRange': ['2024-03-28', '2024-04-07']}, {'dateType': 'Audition Dates', 'dateRange': ['2024-05-14', '2024-05-17']}, {'dateType': 'Rehearsal Dates', 'dateRange': ['2024-04-10', '2024-04-15']}]","[{'locationType': 'Rehearsal Location', 'location': 'South Raventon'}, {'locationType': 'Shooting Location', 'location': 'North Stacy'}]","['Production Assistant', 'Art Department Assistant', 'Sound Re-recording Mixer', 'Gaffer']","['Musical Performer', 'Silent Bit Actor', 'Theater Actor']",Approved
41,Theater,Organized context-sensitive concept,"Call interest write itself young. Challenge organization floor road southern beautiful news need.
Leader them skill performance mission information increase. Note old who beyond.",2025-03-12,2025-05-07,Real any little environmental head full soldier financial successful teach range win direction feel season similar fly rock painting become.,38.86133364428359,"[{'dateType': 'Rehearsal Dates', 'dateRange': ['2025-04-23', '2025-04-27']}, {'dateType': 'Rehearsal Dates', 'dateRange': ['2025-04-01', '2025-04-10']}]","[{'locationType': 'Shooting Location', 'location': 'Figueroahaven'}, {'locationType': 'Rehearsal Location', 'location': 'Lorihaven'}]","['Boom Operator', 'Unit Production Manager', 'Publicist', 'Location Manager', 'Hair Stylist', 'Gaffer Assistant', 'Production Designer', 'Foley Artist']","['Singer', 'Child Actor', 'Fight Coordinator', 'Protagonist']",Approved
42,TV,Diverse asymmetric function,"Career surface these ahead cover strategy. Economic lead truth relate. Happy less however type race.
Major land whether listen necessary general. See read expect hit clear.",2024-10-23,2025-01-07,Interest heavy give edge level quality station however bill memory production successful hear positive participant fear blue as write.,18.27032806804204,"[{'dateType': 'Shooting Dates', 'dateRange': ['2024-12-24', '2024-12-26']}]","[{'locationType': 'Shooting Location', 'location': 'Michelleview'}, {'locationType': 'Shooting Location', 'location': 'Jacobhaven'}]","['Property Master', 'Dolly Grip', 'Makeup Assistant', 'Production Accountant', 'Production Designer', 'Set Designer']","['Supporting Actor', 'Radio Actor']",Approved
43,TV,Virtual disintermediate approach,Produce race return pretty young else. Identify say on yes staff gas. Rather point little wait grow. Suddenly subject theory Congress best.,2025-03-10,2025-08-16,He one less brother approach plant oil per line create build quite morning including that character yeah garden would throughout.,33.06160535662218,"[{'dateType': 'Rehearsal Dates', 'dateRange': ['2025-06-06', '2025-06-14']}, {'dateType': 'Audition Dates', 'dateRange': ['2025-04-06', '2025-04-13']}]","[{'locationType': 'Rehearsal Location', 'location': 'Michelleburgh'}, {'locationType': 'Shooting Location', 'location': 'South Marvinburgh'}]","['Grip Assistant', 'Assistant Editor', 'Choreographer', 'Production Designer']","['Voice Actor', 'Special Skills Performer', 'Dubbing Artist', 'Narrator']",Approved
44,Theater,Intuitive scalable approach,"Event seven collection share majority shake because.
Plant idea whole himself also current. Wear throughout series most adult above. Difficult theory fine bill me. Cold statement fear fact road.",2025-01-30,2025-04-13,Answer break know buy education reduce day rate act inside big minute.,29.863775954800815,"[{'dateType': 'Shooting Dates', 'dateRange': ['2025-03-31', '2025-04-01']}, {'dateType': 'Audition Dates', 'dateRange': ['2025-03-29', '2025-04-04']}]","[{'locationType': 'Shooting Location', 'location': 'South Maria'}, {'locationType': 'Rehearsal Location', 'location': 'New Jenniferville'}]","['Catering Coordinator', 'Production Assistant', 'Sound Re-recording Mixer', 'Social Media Manager', 'Art Department Assistant', 'Property Master', 'Assistant Director', 'Production Accountant']","['Special Skills Performer', 'Host/Presenter', 'Supporting Actress']",Approved
45,Film,Horizontal bifurcated toolset,"Cup current enjoy mission cut region far. Nature travel read.
Doctor actually become book off management. Single avoid rich toward. Lead with enough anyone spend.",2025-03-13,2025-06-19,Act catch positive forget thus western environmental run head garden box hundred lead.,40.027376342129614,"[{'dateType': 'Shooting Dates', 'dateRange': ['2025-05-26', '2025-05-30']}]","[{'locationType': 'Shooting Location', 'location': 'Marshburgh'}]","['Visual Effects Supervisor', 'Second Assistant Director', 'Location Manager', 'Driver', 'Catering Coordinator']","['Featured Extra', 'Narrator', 'Teen Actor', 'Celebrity Guest', 'Protagonist']",Approved
46,TV,Customizable clear-thinking standardization,"Billion treat lot notice. Consider here grow agreement range stuff.
Turn both in animal energy fire relate. Should office north within prove full mission.",2025-01-15,2025-04-25,Bad know of because material firm wonder seat adult idea along near stay social white point three none.,53.037574555187504,"[{'dateType': 'Shooting Dates', 'dateRange': ['2025-04-13', '2025-04-21']}]","[{'locationType': 'Rehearsal Location', 'location': 'Michaelton'}, {'locationType': 'Shooting Location', 'location': 'Port Shawn'}, {'locationType': 'Shooting Location', 'location': 'Moranstad'}]","['Costume Assistant', 'Runner', 'Camera Assistant']","['Elderly Actor', 'Special Skills Performer', 'Magician']",Approved
47,Film,Universal local budgetary management,"Able great plant son natural. Reduce animal clearly cell response return.
Particularly could us hotel lead. Response blue increase unit study.",2025-03-06,2025-08-12,Industry participant realize eat huge garden family source catch owner though mention successful natural finish say network design decide research rather.,46.951317321654535,"[{'dateType': 'Shooting Dates', 'dateRange': ['2025-07-14', '2025-07-23']}, {'dateType': 'Rehearsal Dates', 'dateRange': ['2025-03-31', '2025-04-03']}, {'dateType': 'Rehearsal Dates', 'dateRange': ['2025-07-21', '2025-07-29']}]","[{'locationType': 'Shooting Location', 'location': 'New Amy'}]","['Production Designer', 'Transportation Coordinator', 'Runner', 'Sound Re-recording Mixer']","['Stunt Performer', 'Lead Actor', 'Cameo Appearance', 'Radio Actor']",Approved
48,TV,Sharable fresh-thinking strategy,"No old wall report purpose throw. Experience suggest space mission agent certainly prove.
Seek claim expert economy style. Daughter must grow laugh pattern.",2024-03-31,2024-07-31,Treatment relate positive sense national owner simply who family concern radio cost community message help investment news.,33.0130629731205,"[{'dateType': 'Rehearsal Dates', 'dateRange': ['2024-04-25', '2024-04-28']}]","[{'locationType': 'Rehearsal Location', 'location': 'New Meghan'}]","['Assistant Camera', 'Casting Director', 'Second Assistant Director', 'Boom Operator']","['Magician', 'Teen Actor', 'Background Actor']",Needs Review
49,TV,Adaptive full-range Local Area Network,"Child follow anything. Past product make of group six fish detail.
Attention measure indeed Mr begin determine degree. Former family wear peace little no.
Protect knowledge toward party.",2023-09-28,2024-02-02,Stock these scientist itself stage authority rather agency response also available concern edge audience start treat imagine later identify first hope brother accept result as.,48.88171751271252,"[{'dateType': 'Shooting Dates', 'dateRange': ['2024-01-19', '2024-01-21']}, {'dateType': 'Shooting Dates', 'dateRange': ['2023-10-06', '2023-10-11']}]","[{'locationType': 'Rehearsal Location', 'location': 'West Sarahville'}, {'locationType': 'Rehearsal Location', 'location': 'Kristinport'}, {'locationType': 'Rehearsal Location', 'location': 'West Kathymouth'}]","['Second Assistant Director', 'Visual Effects Assistant', 'Sound Editor', 'Art Department Assistant']","['Cameo Appearance', 'Child Actor', 'Voiceover Artist']",Approved
50,Film,Multi-tiered hybrid protocol,"Choose detail section someone support far plant.
Whatever action themselves center among of. Mr water fight security tough gas.",2024-01-24,2024-07-01,Provide doctor expect attorney cover magazine foreign process really charge note space when collection finish.,63.01373571930388,"[{'dateType': 'Shooting Dates', 'dateRange': ['2024-06-24', '2024-06-29']}, {'dateType': 'Rehearsal Dates', 'dateRange': ['2024-03-07', '2024-03-08']}, {'dateType': 'Shooting Dates', 'dateRange': ['2024-06-10', '2024-06-20']}]","[{'locationType': 'Rehearsal Location', 'location': 'Hillstad'}, {'locationType': 'Rehearsal Location', 'location': 'Lake Jessica'}, {'locationType': 'Shooting Location', 'location': 'Fordstad'}]","['Foley Artist', 'Production Designer', 'Grip', 'Key Grip', 'Assistant Director', 'Legal Advisor']","['Background Actor', 'Antagonist', 'Dancer', 'Teen Actor', 'Photo Double']",Rejected
51,Film,Vision-oriented fault-tolerant matrix,Compare parent success teach. Through cultural safe phone. Throughout support place spend.,2024-04-02,2024-06-22,Condition we process whose save low grow despite maintain as hard amount deal traditional guess like.,38.48715076334898,"[{'dateType': 'Rehearsal Dates', 'dateRange': ['2024-05-16', '2024-05-25']}]","[{'locationType': 'Shooting Location', 'location': 'North Tinamouth'}, {'locationType': 'Rehearsal Location', 'location': 'Lake Tanyaview'}]","['Director of Photography', 'Sound Designer', 'Music Supervisor', 'Hair Assistant']","['Mime Artist', 'Dancer']",Needs Review
52,Theater,User-centric empowering paradigm,Community president half president structure might heavy. Might good test main lot. According think key discover method exactly change church.,2025-03-04,2025-07-07,Water describe paper likely loss detail improve central old should perhaps member cold rate two others attention her car.,16.614712569685093,"[{'dateType': 'Shooting Dates', 'dateRange': ['2025-03-07', '2025-03-15']}, {'dateType': 'Audition Dates', 'dateRange': ['2025-04-12', '2025-04-20']}]","[{'locationType': 'Shooting Location', 'location': 'Serranoville'}, {'locationType': 'Shooting Location', 'location': 'South Rachel'}]","['Composer', 'Sound Re-recording Mixer', 'Driver', 'Screenwriter', 'Set Decoration Assistant', 'Boom Operator']","['Celebrity Guest', 'Dubbing Artist']",Approved
53,Theater,Right-sized 5thgeneration toolset,Sell behavior process top much ability visit. Miss have analysis morning director sort. Go source traditional student office international.,2024-09-11,2024-10-13,Reach firm gun choice prepare effect talk interest hand every quite sense including six lot have never.,69.50620866738424,"[{'dateType': 'Shooting Dates', 'dateRange': ['2024-09-23', '2024-10-02']}, {'dateType': 'Rehearsal Dates', 'dateRange': ['2024-09-25', '2024-09-28']}]","[{'locationType': 'Rehearsal Location', 'location': 'Kimfurt'}, {'locationType': 'Shooting Location', 'location': 'Port Michelle'}]","['Script Supervisor', 'Production Designer', 'Composer']","['Stunt Performer', 'Radio Actor', 'Puppeteer', 'Voiceover Artist', 'Guest Star']",Rejected
54,TV,Decentralized value-added emulation,Beyond meet skill song. Recent religious claim who accept before certainly unit. Because enjoy he participant right us.,2024-09-23,2025-01-09,If customer address region try near risk next on girl spring difficult white lawyer identify above company media next me future bring.,57.00810530244465,"[{'dateType': 'Rehearsal Dates', 'dateRange': ['2024-12-31', '2025-01-09']}, {'dateType': 'Audition Dates', 'dateRange': ['2024-11-12', '2024-11-15']}, {'dateType': 'Shooting Dates', 'dateRange': ['2025-01-05', '2025-01-08']}]","[{'locationType': 'Shooting Location', 'location': 'Heatherfurt'}]","['Stunt Coordinator', 'Costume Designer', 'Craft Services', 'Script Reader', 'Transportation Coordinator']","['Child Actor', 'Celebrity Guest', 'Singer', 'Voice Actor', 'Magician']",Approved
55,TV,Re-contextualized mission-critical throughput,"Which learn leave only agree break. Him small detail red.
Western might act strategy eat behavior. Away use live government thus especially. Material current save their deal.",2025-03-06,2025-08-25,Than make worker trouble exactly develop office approach son long must maybe hour rather company with recently least ready activity decision ok foot party employee nature.,0.2585490719639427,"[{'dateType': 'Rehearsal Dates', 'dateRange': ['2025-04-21', '2025-04-30']}, {'dateType': 'Audition Dates', 'dateRange': ['2025-04-27', '2025-05-07']}]","[{'locationType': 'Rehearsal Location', 'location': 'Mullenmouth'}, {'locationType': 'Shooting Location', 'location': 'Ivanchester'}]","['Stunt Coordinator', 'Dialogue Editor', 'Production Assistant', 'Art Department Assistant', 'Makeup Artist', 'Craft Services']","['Dubbing Artist', 'Supporting Actor', 'Singer', 'Musical Performer', 'Narrator']",Approved
56,Film,Expanded intangible standardization,Take evidence conference capital office direction. Result sound new task. Certainly where change south computer.,2024-01-14,2024-03-06,In go quickly paper officer practice Mrs without expect foot member simple.,78.32068477088686,"[{'dateType': 'Shooting Dates', 'dateRange': ['2024-02-26', '2024-03-03']}, {'dateType': 'Shooting Dates', 'dateRange': ['2024-01-21', '2024-01-22']}]","[{'locationType': 'Rehearsal Location', 'location': 'Austinmouth'}, {'locationType': 'Rehearsal Location', 'location': 'Port Gary'}, {'locationType': 'Shooting Location', 'location': 'Robertshire'}]","['Makeup Artist', 'Production Coordinator', 'Music Editor', 'Craft Services', 'Unit Still Photographer', 'Dialogue Editor', 'Casting Director']","['Theater Actor', 'Circus Performer', 'Precision Driver']",Rejected
57,Theater,Open-architected asynchronous artificial intelligence,"Direction first fact environment popular even. Sit voice security minute late cold.
Road product wait red.
Cold billion as these nature. Side model you.",2024-01-24,2024-03-31,Ten level that various nature career way much opportunity lead see theory itself policy move training loss dinner become film.,75.29232546897754,"[{'dateType': 'Rehearsal Dates', 'dateRange': ['2024-03-04', '2024-03-10']}, {'dateType': 'Audition Dates', 'dateRange': ['2024-02-18', '2024-02-21']}]","[{'locationType': 'Shooting Location', 'location': 'West Alex'}, {'locationType': 'Rehearsal Location', 'location': 'West Justin'}, {'locationType': 'Rehearsal Location', 'location': 'Lake Sandrafort'}]","['Assistant Editor', 'Publicist', 'Boom Operator', 'Legal Advisor', 'Dolly Grip', 'Social Media Manager']","['Dubbing Artist', 'Commercial Model', 'Stunt Double', 'Stand-up Comedian']",Rejected
58,TV,Innovative 24/7 throughput,Others someone nature country think. House clear say hope her enjoy. Personal might son party really even.,2024-05-09,2024-07-27,Game find son your less social form such weight argue simply author like court success stage stock.,49.95581444187516,"[{'dateType': 'Rehearsal Dates', 'dateRange': ['2024-05-20', '2024-05-28']}, {'dateType': 'Shooting Dates', 'dateRange': ['2024-07-22', '2024-08-01']}]","[{'locationType': 'Rehearsal Location', 'location': 'South Kelsey'}, {'locationType': 'Rehearsal Location', 'location': 'Wrightton'}, {'locationType': 'Shooting Location', 'location': 'South Jill'}]","['Colorist', 'Production Sound Mixer', 'Camera Operator']","['Background Actor', 'Featured Extra', 'Narrator', 'Musician', 'Lead Actress']",Approved
59,Film,Cross-platform multi-state secured line,"Home which view city rock seat near. Education police cup thought.
Door its address some. Build smile across among situation little other he.",2024-09-03,2024-11-18,South just cover ready group care together magazine join far recent couple cost girl run every story trial never attention.,10.033951164326922,"[{'dateType': 'Rehearsal Dates', 'dateRange': ['2024-09-18', '2024-09-22']}]","[{'locationType': 'Shooting Location', 'location': 'Phillipsview'}, {'locationType': 'Shooting Location', 'location': 'Shawnhaven'}, {'locationType': 'Shooting Location', 'location': 'Grosstown'}]","['Hair Assistant', 'Choreographer', 'Gaffer', 'Production Designer', 'Costume Designer', 'Transportation Coordinator', 'Runner', 'Key Grip']","['Background Actor', 'Voice Actor', 'Narrator']",Needs Review
60,TV,Secured high-level time-frame,Fly as whose standard couple. She child executive important focus benefit probably. Strong candidate them. Blood court all politics home.,2023-06-21,2023-09-05,Whether best rise mother country moment eat personal condition see indeed black police group learn professor third.,75.74234975339192,"[{'dateType': 'Shooting Dates', 'dateRange': ['2023-07-07', '2023-07-14']}, {'dateType': 'Shooting Dates', 'dateRange': ['2023-07-08', '2023-07-14']}, {'dateType': 'Audition Dates', 'dateRange': ['2023-08-13', '2023-08-19']}]","[{'locationType': 'Rehearsal Location', 'location': 'Wagnerburgh'}]","['Special Effects Supervisor', 'Colorist', 'Dolly Grip']","['Protagonist', 'Background Actor']",Rejected
61,Film,Public-key radical intranet,"Nearly you suddenly include plan step. Part none degree she unit effect. Language however risk work other military year.
Feel develop talk. Sign wall state.",2024-11-09,2025-05-01,High sister two free they its us building side section support up plant place approach modern floor north force recently check purpose young wife send offer.,61.11937643787445,"[{'dateType': 'Shooting Dates', 'dateRange': ['2024-11-26', '2024-11-29']}, {'dateType': 'Rehearsal Dates', 'dateRange': ['2024-12-22', '2024-12-27']}, {'dateType': 'Audition Dates', 'dateRange': ['2025-01-31', '2025-02-04']}]","[{'locationType': 'Rehearsal Location', 'location': 'Kristieberg'}, {'locationType': 'Rehearsal Location', 'location': 'West Christopher'}, {'locationType': 'Shooting Location', 'location': 'New Raymondland'}]","['Publicist', 'Unit Production Manager', 'Camera Operator', 'Runner']","['Antagonist', 'Precision Driver', 'Protagonist', 'Supporting Actress']",Rejected
62,Theater,Open-architected motivating Internet solution,"Lose cup house number. Pattern save east author since food under.
Public interest give fly. Pretty show college glass start sort perhaps key.
Rate choose rock beat science. We unit than star add.",2025-03-25,2025-08-18,Analysis color exist smile peace apply pressure across home even system process ten affect test power discuss herself with between firm term mother cost may.,31.667652536904036,"[{'dateType': 'Audition Dates', 'dateRange': ['2025-06-21', '2025-06-26']}]","[{'locationType': 'Rehearsal Location', 'location': 'North Johnhaven'}]","['Script Reader', 'Second Assistant Director', 'Colorist', 'Production Designer', 'Director']","['Stand-in', 'Lead Actor']",Needs Review
63,Film,Integrated full-range matrix,Adult range green few. Every artist election hit yourself wrong want. Difficult game hotel case role.,2025-03-28,2025-09-12,Prevent north citizen attack mouth rest contain style certainly ahead five win which field seat.,23.787203700476738,"[{'dateType': 'Audition Dates', 'dateRange': ['2025-09-03', '2025-09-06']}, {'dateType': 'Shooting Dates', 'dateRange': ['2025-07-29', '2025-07-30']}, {'dateType': 'Shooting Dates', 'dateRange': ['2025-08-18', '2025-08-24']}]","[{'locationType': 'Rehearsal Location', 'location': 'Edwinborough'}, {'locationType': 'Rehearsal Location', 'location': 'East Jackview'}]","['Assistant Camera', 'Gaffer Assistant', 'Visual Effects Supervisor', 'Choreographer', 'Composer', 'Craft Services', 'Production Designer Assistant', 'Costume Assistant']","['Stunt Double', 'Narrator']",Approved
64,Film,Robust non-volatile pricing structure,"Discussion reach grow read live maybe painting Republican. Contain hold listen clearly difficult impact.
Wear development provide dark daughter.",2024-02-22,2024-05-12,Voice occur movie political region although body lead there there early Mrs worker always hold share while couple keep this similar experience coach family try ready tough.,2.096187196850021,"[{'dateType': 'Rehearsal Dates', 'dateRange': ['2024-04-07', '2024-04-15']}, {'dateType': 'Audition Dates', 'dateRange': ['2024-04-24', '2024-04-26']}]","[{'locationType': 'Shooting Location', 'location': 'Davishaven'}, {'locationType': 'Shooting Location', 'location': 'East Kimberlyside'}, {'locationType': 'Rehearsal Location', 'location': 'South Robert'}]","['Camera Assistant', 'Set Dresser', 'Property Master', 'Transportation Coordinator', 'Screenwriter', 'Sound Re-recording Mixer', 'Stunt Coordinator', 'Costume Designer']","['Theater Actor', 'Stand-up Comedian', 'Voiceover Artist']",Approved
65,Film,Organized 4thgeneration conglomeration,To time think bed food possible represent clearly. Before relationship plant be. Risk window partner civil nearly analysis.,2023-09-26,2023-11-06,Performance education learn talk myself accept third down open little improve bag.,75.27939164310403,"[{'dateType': 'Audition Dates', 'dateRange': ['2023-10-25', '2023-11-04']}, {'dateType': 'Audition Dates', 'dateRange': ['2023-09-26', '2023-10-02']}]","[{'locationType': 'Shooting Location', 'location': 'New Joshua'}, {'locationType': 'Rehearsal Location', 'location': 'North Jack'}, {'locationType': 'Rehearsal Location', 'location': 'Lake Michaelberg'}]","['Director of Photography', 'Craft Services', 'Camera Assistant', 'Production Designer', 'Second Assistant Director', 'Sound Re-recording Mixer', 'Unit Still Photographer']","['Host/Presenter', 'Teen Actor']",Rejected
66,TV,Automated static orchestration,Former because board year claim. Particularly reality organization skin concern. See growth along shoulder follow today star. Successful assume likely business teacher forget.,2025-01-08,2025-04-09,This discussion fact cover brother let someone scene debate past increase animal glass south defense political.,35.82073392473568,"[{'dateType': 'Rehearsal Dates', 'dateRange': ['2025-03-15', '2025-03-18']}]","[{'locationType': 'Rehearsal Location', 'location': 'Jonathanland'}]","['Wardrobe Supervisor', 'Producer', 'Set Decoration Assistant', 'Runner', 'Hair Assistant', 'Costume Assistant']","['Lead Actor', 'Dubbing Artist']",Approved
67,TV,Integrated exuding middleware,Short box four how notice whether. Create street two look. Something population loss physical throughout Mr friend.,2023-08-28,2023-11-07,Paper cost bring site final tax report even beautiful theory he stop few modern company hear also dark begin media sometimes toward child future low them.,79.2956794896787,"[{'dateType': 'Audition Dates', 'dateRange': ['2023-09-27', '2023-10-04']}, {'dateType': 'Audition Dates', 'dateRange': ['2023-09-28', '2023-10-01']}, {'dateType': 'Rehearsal Dates', 'dateRange': ['2023-09-10', '2023-09-18']}]","[{'locationType': 'Shooting Location', 'location': 'Port Tonihaven'}, {'locationType': 'Shooting Location', 'location': 'East Jenny'}, {'locationType': 'Shooting Location', 'location': 'Hugheshaven'}]","['Publicist', 'Hair Assistant', 'Set Dresser', 'Makeup Assistant']","['Stunt Double', 'Silent Bit Actor', 'Antagonist', 'Commercial Model', 'Puppeteer']",Rejected
68,TV,Customizable 24hour function,"The four threat billion she seat against serve.
Customer expert mother significant provide evening. Event address performance method.",2024-02-20,2024-05-16,Relate through picture real knowledge green forward cup serve speak bad type share nothing behavior sort.,19.775051119491458,"[{'dateType': 'Audition Dates', 'dateRange': ['2024-04-27', '2024-04-29']}, {'dateType': 'Audition Dates', 'dateRange': ['2024-04-05', '2024-04-06']}, {'dateType': 'Audition Dates', 'dateRange': ['2024-02-29', '2024-03-10']}]","[{'locationType': 'Shooting Location', 'location': 'Collinsmouth'}, {'locationType': 'Shooting Location', 'location': 'Hallbury'}, {'locationType': 'Rehearsal Location', 'location': 'Port Paula'}]","['Makeup Assistant', 'Music Supervisor', 'Unit Still Photographer', 'Boom Operator', 'Hair Assistant', 'Set Decoration Assistant', 'Unit Production Manager']","['Radio Actor', 'Supporting Actress', 'Narrator', 'Dancer']",Approved
69,TV,Fundamental high-level infrastructure,"Small think law air little goal. Suffer executive give offer meet if research.
News audience few leave opportunity draw. Nature wind himself future sport.",2024-11-28,2025-04-17,Serious produce laugh factor past language day theory feel some quickly truth.,40.51537088421121,"[{'dateType': 'Audition Dates', 'dateRange': ['2025-02-20', '2025-03-01']}]","[{'locationType': 'Shooting Location', 'location': 'Veronicashire'}, {'locationType': 'Rehearsal Location', 'location': 'New Valeriefurt'}]","['Second Assistant Director', 'Hair Assistant', 'Gaffer Assistant', 'Unit Still Photographer', 'Producer', 'Dolly Grip', 'Sound Re-recording Mixer', 'Set Designer']","['Teen Actor', 'Background Actor']",Needs Review
70,Film,De-engineered explicit approach,"Whose a nice without body executive all. Reduce hour fish him high nation. Little could his under.
Eye their by activity. Century those price. Be politics indeed lay.",2024-12-16,2025-03-31,Let back three because line score whether back plant something fine apply gas sing light mention light safe inside.,4.318246205372747,"[{'dateType': 'Audition Dates', 'dateRange': ['2025-02-11', '2025-02-20']}]","[{'locationType': 'Rehearsal Location', 'location': 'Garyport'}, {'locationType': 'Shooting Location', 'location': 'Bryanfort'}, {'locationType': 'Shooting Location', 'location': 'New Brett'}]","['Choreographer', 'Sound Designer', 'Assistant Editor', 'Gaffer', 'Visual Effects Supervisor', 'Wardrobe Supervisor']","['Musician', 'Special Skills Performer', 'Teen Actor']",Approved
71,Film,Implemented user-facing process improvement,"Machine camera baby six edge.
Every either scientist page travel. Process have compare site. Machine son television garden base. Other start study sell.",2024-12-31,2025-02-10,High firm morning what best most government such particular present evening establish sort effort once leave push drop public side mind question year.,23.482263033032133,"[{'dateType': 'Shooting Dates', 'dateRange': ['2025-01-15', '2025-01-22']}]","[{'locationType': 'Rehearsal Location', 'location': 'Lake Alanland'}, {'locationType': 'Rehearsal Location', 'location': 'South Connorville'}, {'locationType': 'Shooting Location', 'location': 'Bellport'}]","['Costume Designer', 'Art Director', 'Driver', 'Hair Assistant', 'Gaffer Assistant']","['Voice Actor', 'Precision Driver', 'Supporting Actress']",Approved
72,Film,Function-based content-based alliance,"Begin voice prevent structure wear point remain build.
Heavy shake possible sort. To receive education level. Police two everybody interview. Either sit everyone artist home you.",2023-05-19,2023-08-10,Audience road since affect marriage present a also hospital charge form hospital about.,41.15943256854883,"[{'dateType': 'Audition Dates', 'dateRange': ['2023-07-26', '2023-08-03']}, {'dateType': 'Audition Dates', 'dateRange': ['2023-08-01', '2023-08-08']}]","[{'locationType': 'Shooting Location', 'location': 'Mendozafurt'}, {'locationType': 'Rehearsal Location', 'location': 'New Jeremiahfurt'}]","['Colorist', 'Costume Designer', 'Grip Assistant']","['Cameo Appearance', 'Lead Actor', 'Featured Extra']",Needs Review
73,Film,Team-oriented zero-defect matrices,"Movement yard four field area young positive. Movement which ball least short possible.
Always his course receive to piece grow. Those just country along.",2023-05-04,2023-10-17,Fund front return if deep president mission vote thank Mr scientist do.,32.44912832523258,"[{'dateType': 'Shooting Dates', 'dateRange': ['2023-05-17', '2023-05-26']}, {'dateType': 'Audition Dates', 'dateRange': ['2023-05-11', '2023-05-14']}]","[{'locationType': 'Rehearsal Location', 'location': 'South Desiree'}]","['Colorist', 'Gaffer', 'Music Editor', 'Runner']","['Musical Performer', 'Photo Double', 'Lead Actor', 'Elderly Actor', 'Background Actor']",Approved
74,TV,Phased regional analyzer,"Add plan toward star. Lay color opportunity stand.
Market sometimes determine source. Front structure scene I building range.",2024-08-09,2024-09-26,Sing administration main according conference become prepare thought indicate southern significant realize deal policy mission include visit particular also conference matter.,30.584946743830088,"[{'dateType': 'Audition Dates', 'dateRange': ['2024-09-24', '2024-09-27']}, {'dateType': 'Audition Dates', 'dateRange': ['2024-08-13', '2024-08-19']}, {'dateType': 'Rehearsal Dates', 'dateRange': ['2024-09-08', '2024-09-17']}]","[{'locationType': 'Rehearsal Location', 'location': 'Michaeltown'}, {'locationType': 'Rehearsal Location', 'location': 'East David'}, {'locationType': 'Shooting Location', 'location': 'New Michaelside'}]","['Costume Designer', 'Publicist', 'Camera Operator', 'Assistant Director', 'Unit Production Manager', 'Production Coordinator', 'Production Sound Mixer']","['Dancer', 'Supporting Actor', 'Mime Artist']",Approved
75,TV,Profit-focused directional Local Area Network,Everybody create someone rate why. Marriage civil two approach hair decide edge. Source serve analysis science understand compare size machine. Audience dog know often.,2023-09-19,2023-11-10,Grow especially from allow notice exactly book letter industry set detail far church some well town official need discover in miss television describe list leg address into their.,41.51463013307706,"[{'dateType': 'Rehearsal Dates', 'dateRange': ['2023-10-13', '2023-10-15']}, {'dateType': 'Audition Dates', 'dateRange': ['2023-10-20', '2023-10-29']}, {'dateType': 'Audition Dates', 'dateRange': ['2023-10-31', '2023-11-05']}]","[{'locationType': 'Rehearsal Location', 'location': 'New Sophia'}, {'locationType': 'Rehearsal Location', 'location': 'South Tinaton'}, {'locationType': 'Rehearsal Location', 'location': 'Quinnhaven'}]","['Assistant Director', 'Transportation Coordinator', 'Camera Operator', 'Costume Designer']","['Celebrity Guest', 'Protagonist', 'Voice Actor']",Needs Review
76,Theater,Automated interactive moderator,Special recent better manager bar send really. Wear car fast positive before look. Class learn now on with.,2024-08-15,2024-11-05,Save area war push thousand book half people half compare next attack remember daughter wonder draw box long voice oil.,4.090939224635006,"[{'dateType': 'Rehearsal Dates', 'dateRange': ['2024-10-22', '2024-11-01']}, {'dateType': 'Rehearsal Dates', 'dateRange': ['2024-09-04', '2024-09-08']}, {'dateType': 'Shooting Dates', 'dateRange': ['2024-10-27', '2024-10-29']}]","[{'locationType': 'Shooting Location', 'location': 'West Michael'}]","['Casting Director', 'Catering Coordinator', 'Production Designer', 'Production Designer Assistant', 'Makeup Artist', 'Set Designer', 'Art Director', 'Sound Designer']","['Lead Actor', 'Stand-up Comedian', 'Dancer', 'Silent Bit Actor', 'Fight Coordinator']",Needs Review
77,Film,Future-proofed motivating software,"Approach health laugh may stop. Report question mouth factor per son war. Could this beautiful hospital.
When baby clearly born challenge. Themselves minute physical fall.",2024-06-21,2024-12-11,Leader note together fill smile dinner head explain suddenly chance expect what peace claim movement consider compare remain toward some claim bring year.,71.62671554535791,"[{'dateType': 'Shooting Dates', 'dateRange': ['2024-10-10', '2024-10-19']}, {'dateType': 'Shooting Dates', 'dateRange': ['2024-07-15', '2024-07-25']}, {'dateType': 'Rehearsal Dates', 'dateRange': ['2024-09-14', '2024-09-21']}]","[{'locationType': 'Rehearsal Location', 'location': 'Mikeborough'}, {'locationType': 'Shooting Location', 'location': 'Lake Loganstad'}]","['Script Reader', 'Wardrobe Supervisor', 'Hair Assistant', 'Editor', 'Camera Assistant', 'Special Effects Supervisor', 'Music Supervisor']","['Silent Bit Actor', 'Dancer', 'Musical Performer']",Rejected
78,TV,Digitized holistic knowledge user,"Move building agent use. Way until choose wife. Wish former relate listen face want wonder.
Son rock two full. Rule too cause nearly. Agent pay detail group for.",2025-03-11,2025-07-02,Score indeed kind clearly road today rock increase structure our century field write moment friend value opportunity heart according police event company left.,57.67482410134334,"[{'dateType': 'Shooting Dates', 'dateRange': ['2025-06-29', '2025-07-03']}]","[{'locationType': 'Shooting Location', 'location': 'East Jacob'}]","['Gaffer Assistant', 'Driver', 'Colorist', 'Costume Designer', 'Costume Assistant']","['Lead Actress', 'Child Actor', 'Stunt Performer']",Needs Review
79,Theater,Multi-tiered explicit neural-net,"State few one. Nice less agree able enjoy what strong. Buy program explain conference trade population agreement.
Yes at seat ok not than physical. Window stand health run adult employee ok.",2024-12-05,2025-02-18,Out cold follow first suddenly son even recently guy move goal century carry example.,60.885095503113504,"[{'dateType': 'Rehearsal Dates', 'dateRange': ['2025-01-21', '2025-01-24']}, {'dateType': 'Rehearsal Dates', 'dateRange': ['2025-01-14', '2025-01-16']}]","[{'locationType': 'Shooting Location', 'location': 'Samanthaburgh'}]","['Property Master', 'Director of Photography', 'Sound Editor']","['Musical Performer', 'Mime Artist', 'Singer', 'Precision Driver']",Rejected
80,Theater,Customer-focused didactic collaboration,Story somebody next ready weight. Republican reduce sort individual trouble bring capital. Look find guy.,2023-07-14,2023-10-25,Soldier message arrive budget education at property senior site turn day top.,47.02402960496243,"[{'dateType': 'Audition Dates', 'dateRange': ['2023-08-18', '2023-08-28']}, {'dateType': 'Audition Dates', 'dateRange': ['2023-09-20', '2023-09-28']}, {'dateType': 'Audition Dates', 'dateRange': ['2023-07-19', '2023-07-27']}]","[{'locationType': 'Shooting Location', 'location': 'East Meghanview'}]","['Sound Editor', 'Assistant Editor', 'Special Effects Supervisor', 'Costume Assistant', 'Key Grip', 'Legal Advisor', 'Composer']","['Voiceover Artist', 'Precision Driver']",Needs Review
81,Film,Reduced grid-enabled help-desk,"Sit party measure attention standard shake more. Who commercial senior above rise.
Surface listen recently continue pull blue strong. Interest method imagine seven fire letter.",2024-03-19,2024-08-05,Task thus sort voice happen actually purpose public how mission put budget house reason within scientist.,15.088997422237282,"[{'dateType': 'Audition Dates', 'dateRange': ['2024-04-20', '2024-04-26']}, {'dateType': 'Shooting Dates', 'dateRange': ['2024-03-31', '2024-04-03']}, {'dateType': 'Shooting Dates', 'dateRange': ['2024-05-28', '2024-05-29']}]","[{'locationType': 'Shooting Location', 'location': 'West James'}]","['Makeup Artist', 'Choreographer', 'Production Accountant', 'Driver', 'Production Designer Assistant', 'Assistant Director', 'Visual Effects Supervisor', 'Editor']","['Mime Artist', 'Precision Driver']",Needs Review
82,Film,Open-architected bottom-line emulation,Everything require old event smile popular hundred. Project wear would memory challenge lawyer business. Market pick care between apply attention question.,2025-02-17,2025-04-20,National weight all involve trip himself fire heavy least allow news team field relationship man care resource maintain body push process rate occur live take.,16.34198886221558,"[{'dateType': 'Rehearsal Dates', 'dateRange': ['2025-04-07', '2025-04-12']}]","[{'locationType': 'Rehearsal Location', 'location': 'South Joseshire'}]","['Grip Assistant', 'Driver', 'Storyboard Artist', 'Craft Services', 'Set Dresser']","['Voiceover Artist', 'Musical Performer', 'Fight Coordinator', 'Special Skills Performer']",Approved
83,Film,Multi-tiered reciprocal service-desk,"Fly agreement and student give. Agree through game best generation group goal product. Doctor fine be read than.
College Mrs also price institution method. Entire receive onto worry help hope.",2024-07-10,2024-09-26,Source person when response official option event note most interview girl baby statement measure feel professional finish increase economy middle public natural.,56.13440280158797,"[{'dateType': 'Audition Dates', 'dateRange': ['2024-07-11', '2024-07-21']}, {'dateType': 'Audition Dates', 'dateRange': ['2024-09-08', '2024-09-16']}, {'dateType': 'Audition Dates', 'dateRange': ['2024-09-16', '2024-09-22']}]","[{'locationType': 'Shooting Location', 'location': 'New Victor'}, {'locationType': 'Rehearsal Location', 'location': 'Adamsside'}]","['Production Assistant', 'Director of Photography', 'Runner', 'Assistant Editor', 'Production Designer Assistant', 'Sound Mixer', 'Colorist', 'Choreographer']","['Magician', 'Lead Actor', 'Musical Performer', 'Supporting Actor']",Approved
84,Theater,Seamless zero administration Internet solution,"Art customer leg drive second she such improve. Plant suffer environment expert. Either over image box.
Early still less. Yard instead town dark evening ahead smile.",2025-02-04,2025-04-28,Door number matter building professional oil simple moment market bed outside significant finish strategy say.,74.81202314348278,"[{'dateType': 'Audition Dates', 'dateRange': ['2025-04-23', '2025-04-25']}]","[{'locationType': 'Shooting Location', 'location': 'South Jeffery'}, {'locationType': 'Rehearsal Location', 'location': 'East Jasonview'}]","['Composer', 'Sound Re-recording Mixer', 'Production Coordinator', 'Production Designer', 'Craft Services', 'Camera Operator', 'Costume Assistant', 'Visual Effects Assistant']","['Commercial Model', 'Theater Actor', 'Singer', 'Antagonist', 'Magician']",Rejected
85,Film,Organic incremental extranet,Make hear we first. Little east everyone six certain little. Start again whom paper success production. Real small dream.,2025-01-11,2025-03-20,Smile ever bag single man say unit four institution truth beyond civil end at inside role natural force receive seven political contain.,77.73802175788065,"[{'dateType': 'Rehearsal Dates', 'dateRange': ['2025-02-23', '2025-03-01']}]","[{'locationType': 'Shooting Location', 'location': 'North Richard'}, {'locationType': 'Shooting Location', 'location': 'Leeland'}]","['Costume Designer', 'Costume Assistant', 'Second Assistant Director']","['Host/Presenter', 'Elderly Actor']",Rejected
86,Theater,Customizable cohesive encryption,Suggest rate society floor. Them card community or foreign example base. Consider then war this difference way.,2025-02-19,2025-06-01,Explain management candidate task outside yet executive quality industry impact certainly face energy pay traditional hard range leader.,62.618452666342385,"[{'dateType': 'Rehearsal Dates', 'dateRange': ['2025-02-21', '2025-02-28']}, {'dateType': 'Shooting Dates', 'dateRange': ['2025-05-21', '2025-05-26']}]","[{'locationType': 'Shooting Location', 'location': 'Port Marcus'}, {'locationType': 'Rehearsal Location', 'location': 'Mcdanielfurt'}, {'locationType': 'Shooting Location', 'location': 'Fitzgeraldview'}]","['Makeup Assistant', 'Casting Director', 'Sound Mixer', 'Makeup Artist', 'Hair Stylist', 'Camera Operator']","['Musician', 'Radio Actor', 'Dubbing Artist']",Rejected
87,Film,Compatible bandwidth-monitored open architecture,"Four dog traditional. Vote whose our security animal effect people few.
Car throughout American conference college manage. There car fish most center bring. Without material wind.",2025-04-07,2025-09-06,Apply chance discover along employee relationship job yet until American ground remember magazine manage suffer term buy behavior test Congress collection meet evening.,34.0770477972477,"[{'dateType': 'Rehearsal Dates', 'dateRange': ['2025-08-13', '2025-08-17']}, {'dateType': 'Rehearsal Dates', 'dateRange': ['2025-07-29', '2025-08-07']}, {'dateType': 'Rehearsal Dates', 'dateRange': ['2025-05-18', '2025-05-20']}]","[{'locationType': 'Rehearsal Location', 'location': 'New Katieburgh'}, {'locationType': 'Rehearsal Location', 'location': 'Knappbury'}, {'locationType': 'Shooting Location', 'location': 'Rhodesmouth'}]","['Sound Re-recording Mixer', 'Hair Stylist', 'Set Dresser', 'Colorist', 'Casting Director']","['Radio Actor', 'Protagonist', 'Dancer', 'Child Actor', 'Celebrity Guest']",Approved
88,Theater,Assimilated executive software,Health upon black food ahead least. Law western order accept wide prevent week.,2025-01-07,2025-02-26,Tough page grow benefit happen customer knowledge hold environmental outside bed institution happy control piece behavior message wind put.,68.28477518372948,"[{'dateType': 'Rehearsal Dates', 'dateRange': ['2025-01-22', '2025-01-26']}, {'dateType': 'Shooting Dates', 'dateRange': ['2025-02-24', '2025-03-02']}, {'dateType': 'Shooting Dates', 'dateRange': ['2025-01-15', '2025-01-19']}]","[{'locationType': 'Rehearsal Location', 'location': 'Taylorland'}, {'locationType': 'Shooting Location', 'location': 'Evansberg'}]","['Screenwriter', 'Catering Coordinator', 'Sound Mixer']","['Narrator', 'Dancer']",Rejected
89,TV,Synergized exuding encryption,"Far answer baby and blue interesting. Let result spend green. Bank me box product conference consider hotel bar.
Onto lawyer prove perhaps enter whom. Decision back word else.",2023-06-29,2023-12-09,Career course staff receive could agree loss certain drop success teach Mrs beat show challenge.,33.52865380063175,"[{'dateType': 'Rehearsal Dates', 'dateRange': ['2023-09-18', '2023-09-27']}, {'dateType': 'Rehearsal Dates', 'dateRange': ['2023-07-03', '2023-07-06']}, {'dateType': 'Shooting Dates', 'dateRange': ['2023-07-21', '2023-07-22']}]","[{'locationType': 'Rehearsal Location', 'location': 'East Joanne'}, {'locationType': 'Rehearsal Location', 'location': 'Maynardfort'}, {'locationType': 'Rehearsal Location', 'location': 'Port Shannonbury'}]","['Script Reader', 'Runner', 'Makeup Artist']","['Precision Driver', 'Dancer', 'Magician', 'Photo Double', 'Circus Performer']",Approved
90,Film,Exclusive explicit open system,Free bill summer. Woman support say other never fact. Hundred message right very toward test discussion.,2023-10-09,2024-03-23,Training fund own successful prevent capital fall represent where strategy pull same somebody son suddenly perform executive see project can current paper beyond indeed year field decide.,73.56874063198036,"[{'dateType': 'Rehearsal Dates', 'dateRange': ['2023-10-18', '2023-10-25']}, {'dateType': 'Audition Dates', 'dateRange': ['2023-10-12', '2023-10-14']}]","[{'locationType': 'Shooting Location', 'location': 'Nicolestad'}]","['Production Assistant', 'Art Department Assistant', 'Choreographer', 'Production Accountant']","['Photo Double', 'Stunt Performer']",Rejected
91,Film,Synergistic cohesive conglomeration,Southern front box. Building difference election future great. Show news to.,2024-09-05,2024-12-29,Free case summer keep indeed shoulder early speak game measure be head senior guess professor charge send instead direction soon including.,74.04588712983637,"[{'dateType': 'Audition Dates', 'dateRange': ['2024-11-23', '2024-12-01']}, {'dateType': 'Audition Dates', 'dateRange': ['2024-12-03', '2024-12-07']}]","[{'locationType': 'Shooting Location', 'location': 'Sherrymouth'}, {'locationType': 'Rehearsal Location', 'location': 'Port Alejandro'}]","['Gaffer', 'Colorist', 'Assistant Camera', 'Unit Production Manager', 'Transportation Coordinator', 'Wardrobe Supervisor', 'Production Coordinator']","['Mime Artist', 'Voice Actor', 'Guest Star', 'Stunt Performer', 'Silent Bit Actor']",Rejected
92,Theater,Programmable asymmetric artificial intelligence,I sign its hotel also two. Total around place require. Win information though red them return finish.,2024-01-06,2024-05-14,Rise science call yeah exist behavior necessary miss serious civil agreement someone or drop similar risk would book art health phone.,62.51741494575457,"[{'dateType': 'Audition Dates', 'dateRange': ['2024-03-14', '2024-03-18']}, {'dateType': 'Rehearsal Dates', 'dateRange': ['2024-01-30', '2024-02-08']}, {'dateType': 'Rehearsal Dates', 'dateRange': ['2024-01-15', '2024-01-23']}]","[{'locationType': 'Shooting Location', 'location': 'South Kennethtown'}]","['Stunt Coordinator', 'Producer', 'Makeup Assistant', 'Unit Production Manager', 'Location Manager', 'Production Accountant', 'Production Assistant', 'Visual Effects Supervisor']","['Supporting Actor', 'Host/Presenter', 'Special Skills Performer']",Rejected
93,TV,Persevering global encoding,Research visit program suddenly doctor federal project. Public research mind easy foreign old state. Lawyer chair international include begin interesting. Live land hard moment.,2023-05-23,2023-06-30,Check he yard field magazine social central operation any thus threat democratic standard major business give that individual of not too sit little result paper.,20.25990673374613,"[{'dateType': 'Rehearsal Dates', 'dateRange': ['2023-06-28', '2023-07-03']}]","[{'locationType': 'Shooting Location', 'location': 'New Dana'}, {'locationType': 'Shooting Location', 'location': 'Contrerasberg'}, {'locationType': 'Shooting Location', 'location': 'Christopherchester'}]","['Stunt Coordinator', 'Grip Assistant', 'Special Effects Assistant']","['Elderly Actor', 'Child Actor', 'Musical Performer']",Approved
94,Film,Networked discrete infrastructure,Animal provide kitchen everyone because close agent. Someone religious night buy nice court peace officer. Whatever miss seek.,2024-03-09,2024-06-14,Teacher fish either boy between collection century eight bed fill imagine college.,70.33753854453214,"[{'dateType': 'Audition Dates', 'dateRange': ['2024-05-07', '2024-05-11']}, {'dateType': 'Rehearsal Dates', 'dateRange': ['2024-06-10', '2024-06-15']}, {'dateType': 'Rehearsal Dates', 'dateRange': ['2024-04-09', '2024-04-16']}]","[{'locationType': 'Rehearsal Location', 'location': 'North Jennifer'}]","['Catering Coordinator', 'Art Director', 'Visual Effects Assistant', 'Craft Services', 'Sound Mixer', 'Grip Assistant', 'Unit Production Manager', 'Driver']","['Featured Extra', 'Child Actor', 'Background Actor', 'Celebrity Guest']",Rejected
95,Theater,Innovative human-resource attitude,"Include food heart still. Appear dream others door. Sell his boy art let imagine machine.
Trial affect never only big. Prepare by nothing land suffer matter situation. Health world site Mr.",2023-07-26,2023-09-27,Rise your there decision measure soon this war play woman remain event production focus decision.,78.04916731366438,"[{'dateType': 'Shooting Dates', 'dateRange': ['2023-09-22', '2023-10-02']}, {'dateType': 'Shooting Dates', 'dateRange': ['2023-08-26', '2023-09-01']}, {'dateType': 'Shooting Dates', 'dateRange': ['2023-07-27', '2023-07-31']}]","[{'locationType': 'Rehearsal Location', 'location': 'Lake Sandra'}, {'locationType': 'Rehearsal Location', 'location': 'Smithtown'}]","['Assistant Editor', 'Music Editor', 'Screenwriter', 'Production Designer', 'Grip', 'Set Decoration Assistant', 'Art Director']","['Celebrity Guest', 'Stand-in']",Rejected
96,Film,Synergistic context-sensitive installation,"Several Mrs skin power back all story. Public good spend still group concern. By have cover.
Sea serve quite remember course.",2025-03-06,2025-06-03,Rock ever summer age wide question pass quite third ability interview pull practice take follow such imagine business million many military analysis return another truth.,47.738613315820984,"[{'dateType': 'Audition Dates', 'dateRange': ['2025-04-26', '2025-05-04']}, {'dateType': 'Rehearsal Dates', 'dateRange': ['2025-04-18', '2025-04-26']}]","[{'locationType': 'Rehearsal Location', 'location': 'Adamborough'}, {'locationType': 'Rehearsal Location', 'location': 'Christophershire'}, {'locationType': 'Rehearsal Location', 'location': 'Lake Jeremiahchester'}]","['Sound Mixer', 'Script Reader', 'Storyboard Artist', 'Runner', 'Boom Operator']","['Precision Driver', 'Stand-up Comedian', 'Host/Presenter']",Approved
97,Film,Compatible dynamic customer loyalty,"Financial personal benefit lose space or. Various subject east list when strategy start mind.
Simply people shake personal. By window true help three really site artist.",2024-04-08,2024-08-25,Foreign court bill organization attack smile cover of PM eight inside right know during someone art find job where senior find those simply challenge final.,16.728499438786855,"[{'dateType': 'Shooting Dates', 'dateRange': ['2024-06-13', '2024-06-17']}, {'dateType': 'Shooting Dates', 'dateRange': ['2024-06-03', '2024-06-10']}]","[{'locationType': 'Shooting Location', 'location': 'Tarahaven'}]","['Driver', 'Sound Mixer', 'Art Department Assistant']","['Photo Double', 'Child Actor', 'Voiceover Artist', 'Theater Actor']",Approved
98,Theater,Reverse-engineered stable service-desk,"Down standard nice area. Crime customer training size game property.
Realize system not friend federal forget bit then. Many turn police. Level defense lose shoulder spring.",2023-10-30,2023-12-31,Cultural compare energy big story case pressure those full decision lay hard head commercial money sometimes.,58.993326950727045,"[{'dateType': 'Audition Dates', 'dateRange': ['2023-12-29', '2024-01-07']}]","[{'locationType': 'Rehearsal Location', 'location': 'Johnsland'}]","['Visual Effects Assistant', 'Costume Designer', 'Grip', 'Costume Assistant']","['Elderly Actor', 'Supporting Actress', 'Host/Presenter', 'Circus Performer']",Approved
99,Theater,Decentralized client-server capacity,"Mouth reason fish involve player. Several onto take.
Foreign apply somebody their. Why though decide bank likely professional ask.",2023-08-22,2023-11-21,Effort be seem far million discover American mention from later it happen marriage event agent kid enter away top family maybe.,59.29560960756283,"[{'dateType': 'Audition Dates', 'dateRange': ['2023-10-14', '2023-10-23']}, {'dateType': 'Rehearsal Dates', 'dateRange': ['2023-10-23', '2023-10-26']}, {'dateType': 'Rehearsal Dates', 'dateRange': ['2023-08-29', '2023-08-31']}]","[{'locationType': 'Rehearsal Location', 'location': 'Saraville'}]","['Wardrobe Supervisor', 'Screenwriter', 'Legal Advisor', 'Camera Assistant', 'Gaffer', 'Music Editor', 'Assistant Camera']","['Magician', 'Silent Bit Actor']",Approved
100,Film,Decentralized asynchronous hierarchy,"Customer cultural forget few spring raise ever.
Your sell science treatment. Show example get. Watch state serious activity pressure writer. Tend dinner rich decide.",2024-07-13,2024-11-09,Figure scene matter probably great different international sell several real federal only nothing allow cause.,49.11626283609251,"[{'dateType': 'Rehearsal Dates', 'dateRange': ['2024-09-15', '2024-09-20']}, {'dateType': 'Audition Dates', 'dateRange': ['2024-10-31', '2024-11-02']}]","[{'locationType': 'Rehearsal Location', 'location': 'Bairdborough'}]","['Boom Operator', 'Production Accountant', 'Assistant Editor']","['Voice Actor', 'Circus Performer', 'Puppeteer', 'Celebrity Guest']",Needs Review
